<?xml version="1.0" encoding="UTF-8"?>
<frame version="1.2.0">
  <cameras>
    <camera camera_id="0">
      <photo path="../../../DeepProjects/deep-aramaic/pre_processing/3D letters/Ayin/Ayin-bg-2.png">
        <meta>
          <property name="File/ImageHeight" value="490"/>
          <property name="File/ImageWidth" value="510"/>
          <property name="System/FileModifyDate" value="2021:12:17 15:26:59"/>
          <property name="System/FileSize" value="160969"/>
        </meta>
      </photo>
    </camera>
    <camera camera_id="1">
      <photo path="../../../DeepProjects/deep-aramaic/pre_processing/3D letters/Ayin/Ayin-bg-3.png">
        <meta>
          <property name="File/ImageHeight" value="490"/>
          <property name="File/ImageWidth" value="510"/>
          <property name="System/FileModifyDate" value="2021:12:17 15:27:04"/>
          <property name="System/FileSize" value="239302"/>
        </meta>
      </photo>
    </camera>
    <camera camera_id="2">
      <photo path="../../../DeepProjects/deep-aramaic/pre_processing/3D letters/Ayin/Ayin-bg-4.png">
        <meta>
          <property name="File/ImageHeight" value="490"/>
          <property name="File/ImageWidth" value="510"/>
          <property name="System/FileModifyDate" value="2021:12:17 15:27:10"/>
          <property name="System/FileSize" value="299004"/>
        </meta>
      </photo>
    </camera>
    <camera camera_id="3">
      <photo path="../../../DeepProjects/deep-aramaic/pre_processing/3D letters/Ayin/Ayin-bg-5.png">
        <meta>
          <property name="File/ImageHeight" value="490"/>
          <property name="File/ImageWidth" value="510"/>
          <property name="System/FileModifyDate" value="2021:12:17 15:27:21"/>
          <property name="System/FileSize" value="420378"/>
        </meta>
      </photo>
    </camera>
    <camera camera_id="4">
      <photo path="../../../DeepProjects/deep-aramaic/pre_processing/3D letters/Ayin/Ayin-bg-6.png">
        <meta>
          <property name="File/ImageHeight" value="490"/>
          <property name="File/ImageWidth" value="510"/>
          <property name="System/FileModifyDate" value="2021:12:17 15:27:40"/>
          <property name="System/FileSize" value="184798"/>
        </meta>
      </photo>
    </camera>
    <camera camera_id="5">
      <photo path="../../../DeepProjects/deep-aramaic/pre_processing/3D letters/Ayin/Ayin-bg-7.png">
        <meta>
          <property name="File/ImageHeight" value="490"/>
          <property name="File/ImageWidth" value="510"/>
          <property name="System/FileModifyDate" value="2021:12:17 15:27:55"/>
          <property name="System/FileSize" value="159465"/>
        </meta>
      </photo>
    </camera>
    <camera camera_id="6">
      <photo path="../../../DeepProjects/deep-aramaic/pre_processing/3D letters/Ayin/Ayin-bg-8.png">
        <meta>
          <property name="File/ImageHeight" value="490"/>
          <property name="File/ImageWidth" value="510"/>
          <property name="System/FileModifyDate" value="2021:12:17 15:28:11"/>
          <property name="System/FileSize" value="160876"/>
        </meta>
      </photo>
    </camera>
    <camera camera_id="7">
      <photo path="../../../DeepProjects/deep-aramaic/pre_processing/3D letters/Ayin/Ayin-bg-9.png">
        <meta>
          <property name="File/ImageHeight" value="490"/>
          <property name="File/ImageWidth" value="510"/>
          <property name="System/FileModifyDate" value="2021:12:17 15:28:24"/>
          <property name="System/FileSize" value="184385"/>
        </meta>
      </photo>
    </camera>
    <camera camera_id="8">
      <photo path="../../../DeepProjects/deep-aramaic/pre_processing/3D letters/Ayin/Ayin-bg-10.png">
        <meta>
          <property name="File/ImageHeight" value="490"/>
          <property name="File/ImageWidth" value="510"/>
          <property name="System/FileModifyDate" value="2021:12:17 15:28:34"/>
          <property name="System/FileSize" value="193262"/>
        </meta>
      </photo>
    </camera>
    <camera camera_id="9">
      <photo path="../../../DeepProjects/deep-aramaic/pre_processing/3D letters/Ayin/Ayin-bg-11.png">
        <meta>
          <property name="File/ImageHeight" value="490"/>
          <property name="File/ImageWidth" value="510"/>
          <property name="System/FileModifyDate" value="2021:12:17 15:28:45"/>
          <property name="System/FileSize" value="160876"/>
        </meta>
      </photo>
    </camera>
    <camera camera_id="10">
      <photo path="../../../DeepProjects/deep-aramaic/pre_processing/3D letters/Ayin/Ayin-bg-12.png">
        <meta>
          <property name="File/ImageHeight" value="490"/>
          <property name="File/ImageWidth" value="510"/>
          <property name="System/FileModifyDate" value="2021:12:17 15:28:52"/>
          <property name="System/FileSize" value="166638"/>
        </meta>
      </photo>
    </camera>
    <camera camera_id="11">
      <photo path="../../../DeepProjects/deep-aramaic/pre_processing/3D letters/Ayin/Ayin-bg-13.png">
        <meta>
          <property name="File/ImageHeight" value="490"/>
          <property name="File/ImageWidth" value="510"/>
          <property name="System/FileModifyDate" value="2021:12:17 15:28:59"/>
          <property name="System/FileSize" value="162276"/>
        </meta>
      </photo>
    </camera>
    <camera camera_id="12">
      <photo path="../../../DeepProjects/deep-aramaic/pre_processing/3D letters/Ayin/Ayin-bg-14.png">
        <meta>
          <property name="File/ImageHeight" value="490"/>
          <property name="File/ImageWidth" value="510"/>
          <property name="System/FileModifyDate" value="2021:12:17 15:29:14"/>
          <property name="System/FileSize" value="179716"/>
        </meta>
      </photo>
    </camera>
    <camera camera_id="13">
      <photo path="../../../DeepProjects/deep-aramaic/pre_processing/3D letters/Ayin/Ayin-n0-bg.png">
        <meta>
          <property name="File/ImageHeight" value="490"/>
          <property name="File/ImageWidth" value="510"/>
          <property name="System/FileModifyDate" value="2021:12:17 15:26:51"/>
          <property name="System/FileSize" value="79233"/>
        </meta>
      </photo>
    </camera>
    <camera camera_id="14">
      <photo path="../../../DeepProjects/deep-aramaic/pre_processing/3D letters/Ayin/Screenshot 2021-12-17 at 15.08.34.png">
        <meta>
          <property name="Exif/PixelXDimension" value="452"/>
          <property name="Exif/PixelYDimension" value="410"/>
          <property name="File/ImageHeight" value="410"/>
          <property name="File/ImageWidth" value="452"/>
          <property name="System/FileModifyDate" value="2021:12:17 15:08:39"/>
          <property name="System/FileSize" value="291944"/>
        </meta>
      </photo>
    </camera>
    <camera camera_id="15">
      <photo path="../../../DeepProjects/deep-aramaic/pre_processing/3D letters/Ayin/Screenshot 2021-12-17 at 15.09.31.png">
        <meta>
          <property name="Exif/PixelXDimension" value="430"/>
          <property name="Exif/PixelYDimension" value="416"/>
          <property name="File/ImageHeight" value="416"/>
          <property name="File/ImageWidth" value="430"/>
          <property name="System/FileModifyDate" value="2021:12:17 15:09:36"/>
          <property name="System/FileSize" value="286794"/>
        </meta>
      </photo>
    </camera>
    <camera camera_id="16">
      <photo path="../../../DeepProjects/deep-aramaic/pre_processing/3D letters/Ayin/Screenshot 2021-12-17 at 15.09.40.png">
        <meta>
          <property name="Exif/PixelXDimension" value="484"/>
          <property name="Exif/PixelYDimension" value="442"/>
          <property name="File/ImageHeight" value="442"/>
          <property name="File/ImageWidth" value="484"/>
          <property name="System/FileModifyDate" value="2021:12:17 15:09:46"/>
          <property name="System/FileSize" value="342648"/>
        </meta>
      </photo>
    </camera>
    <camera camera_id="17">
      <photo path="../../../DeepProjects/deep-aramaic/pre_processing/3D letters/Ayin/Screenshot 2021-12-17 at 15.09.48.png">
        <meta>
          <property name="Exif/PixelXDimension" value="482"/>
          <property name="Exif/PixelYDimension" value="412"/>
          <property name="File/ImageHeight" value="412"/>
          <property name="File/ImageWidth" value="482"/>
          <property name="System/FileModifyDate" value="2021:12:17 15:09:52"/>
          <property name="System/FileSize" value="317601"/>
        </meta>
      </photo>
    </camera>
    <camera camera_id="18">
      <photo path="../../../DeepProjects/deep-aramaic/pre_processing/3D letters/Ayin/Screenshot 2021-12-17 at 15.09.52.png">
        <meta>
          <property name="Exif/PixelXDimension" value="458"/>
          <property name="Exif/PixelYDimension" value="428"/>
          <property name="File/ImageHeight" value="428"/>
          <property name="File/ImageWidth" value="458"/>
          <property name="System/FileModifyDate" value="2021:12:17 15:09:58"/>
          <property name="System/FileSize" value="314952"/>
        </meta>
      </photo>
    </camera>
    <camera camera_id="19">
      <photo path="../../../DeepProjects/deep-aramaic/pre_processing/3D letters/Ayin/Screenshot 2021-12-17 at 15.09.57.png">
        <meta>
          <property name="Exif/PixelXDimension" value="438"/>
          <property name="Exif/PixelYDimension" value="434"/>
          <property name="File/ImageHeight" value="434"/>
          <property name="File/ImageWidth" value="438"/>
          <property name="System/FileModifyDate" value="2021:12:17 15:10:03"/>
          <property name="System/FileSize" value="306048"/>
        </meta>
      </photo>
    </camera>
    <camera camera_id="20">
      <photo path="../../../DeepProjects/deep-aramaic/pre_processing/3D letters/Ayin/Screenshot 2021-12-17 at 15.10.04.png">
        <meta>
          <property name="Exif/PixelXDimension" value="454"/>
          <property name="Exif/PixelYDimension" value="390"/>
          <property name="File/ImageHeight" value="390"/>
          <property name="File/ImageWidth" value="454"/>
          <property name="System/FileModifyDate" value="2021:12:17 15:10:10"/>
          <property name="System/FileSize" value="286165"/>
        </meta>
      </photo>
    </camera>
    <camera camera_id="21">
      <photo path="../../../DeepProjects/deep-aramaic/pre_processing/3D letters/Ayin/Screenshot 2021-12-17 at 15.15.43.png">
        <meta>
          <property name="Exif/PixelXDimension" value="466"/>
          <property name="Exif/PixelYDimension" value="394"/>
          <property name="File/ImageHeight" value="394"/>
          <property name="File/ImageWidth" value="466"/>
          <property name="System/FileModifyDate" value="2021:12:17 15:15:48"/>
          <property name="System/FileSize" value="296315"/>
        </meta>
      </photo>
    </camera>
    <camera camera_id="22">
      <photo path="../../../DeepProjects/deep-aramaic/pre_processing/3D letters/Ayin/Screenshot 2021-12-17 at 15.16.32.png">
        <meta>
          <property name="Exif/PixelXDimension" value="428"/>
          <property name="Exif/PixelYDimension" value="376"/>
          <property name="File/ImageHeight" value="376"/>
          <property name="File/ImageWidth" value="428"/>
          <property name="System/FileModifyDate" value="2021:12:17 15:16:38"/>
          <property name="System/FileSize" value="258432"/>
        </meta>
      </photo>
    </camera>
    <camera camera_id="23">
      <photo path="../../../DeepProjects/deep-aramaic/pre_processing/3D letters/Ayin/Screenshot 2021-12-17 at 15.17.01.png">
        <meta>
          <property name="Exif/PixelXDimension" value="444"/>
          <property name="Exif/PixelYDimension" value="400"/>
          <property name="File/ImageHeight" value="400"/>
          <property name="File/ImageWidth" value="444"/>
          <property name="System/FileModifyDate" value="2021:12:17 15:17:07"/>
          <property name="System/FileSize" value="278703"/>
        </meta>
      </photo>
    </camera>
    <camera camera_id="24">
      <photo path="../../../DeepProjects/deep-aramaic/pre_processing/3D letters/Ayin/Screenshot 2021-12-17 at 15.17.18.png">
        <meta>
          <property name="Exif/PixelXDimension" value="498"/>
          <property name="Exif/PixelYDimension" value="524"/>
          <property name="File/ImageHeight" value="524"/>
          <property name="File/ImageWidth" value="498"/>
          <property name="System/FileModifyDate" value="2021:12:17 15:17:24"/>
          <property name="System/FileSize" value="409733"/>
        </meta>
      </photo>
    </camera>
    <camera camera_id="25">
      <photo path="../../../DeepProjects/deep-aramaic/pre_processing/3D letters/Ayin/Screenshot 2021-12-17 at 15.18.34.png">
        <meta>
          <property name="Exif/PixelXDimension" value="508"/>
          <property name="Exif/PixelYDimension" value="464"/>
          <property name="File/ImageHeight" value="464"/>
          <property name="File/ImageWidth" value="508"/>
          <property name="System/FileModifyDate" value="2021:12:17 15:18:40"/>
          <property name="System/FileSize" value="377977"/>
        </meta>
      </photo>
    </camera>
    <camera camera_id="26">
      <photo path="../../../DeepProjects/deep-aramaic/pre_processing/3D letters/Ayin/Screenshot 2021-12-17 at 15.18.41.png">
        <meta>
          <property name="Exif/PixelXDimension" value="494"/>
          <property name="Exif/PixelYDimension" value="466"/>
          <property name="File/ImageHeight" value="466"/>
          <property name="File/ImageWidth" value="494"/>
          <property name="System/FileModifyDate" value="2021:12:17 15:18:46"/>
          <property name="System/FileSize" value="370423"/>
        </meta>
      </photo>
    </camera>
    <camera camera_id="27">
      <photo path="../../../DeepProjects/deep-aramaic/pre_processing/3D letters/Ayin/Screenshot 2021-12-17 at 15.18.48.png">
        <meta>
          <property name="Exif/PixelXDimension" value="556"/>
          <property name="Exif/PixelYDimension" value="590"/>
          <property name="File/ImageHeight" value="590"/>
          <property name="File/ImageWidth" value="556"/>
          <property name="System/FileModifyDate" value="2021:12:17 15:18:54"/>
          <property name="System/FileSize" value="518476"/>
        </meta>
      </photo>
    </camera>
    <camera camera_id="28">
      <photo path="../../../DeepProjects/deep-aramaic/pre_processing/3D letters/Ayin/Screenshot 2021-12-17 at 15.18.59.png">
        <meta>
          <property name="Exif/PixelXDimension" value="536"/>
          <property name="Exif/PixelYDimension" value="502"/>
          <property name="File/ImageHeight" value="502"/>
          <property name="File/ImageWidth" value="536"/>
          <property name="System/FileModifyDate" value="2021:12:17 15:19:06"/>
          <property name="System/FileSize" value="423929"/>
        </meta>
      </photo>
    </camera>
    <camera camera_id="29">
      <photo path="../../../DeepProjects/deep-aramaic/pre_processing/3D letters/Ayin/Screenshot 2021-12-17 at 15.19.07.png">
        <meta>
          <property name="Exif/PixelXDimension" value="572"/>
          <property name="Exif/PixelYDimension" value="514"/>
          <property name="File/ImageHeight" value="514"/>
          <property name="File/ImageWidth" value="572"/>
          <property name="System/FileModifyDate" value="2021:12:17 15:19:13"/>
          <property name="System/FileSize" value="458333"/>
        </meta>
      </photo>
    </camera>
    <camera camera_id="30">
      <photo path="../../../DeepProjects/deep-aramaic/pre_processing/3D letters/Ayin/Screenshot 2021-12-17 at 15.19.23.png">
        <meta>
          <property name="Exif/PixelXDimension" value="616"/>
          <property name="Exif/PixelYDimension" value="592"/>
          <property name="File/ImageHeight" value="592"/>
          <property name="File/ImageWidth" value="616"/>
          <property name="System/FileModifyDate" value="2021:12:17 15:19:28"/>
          <property name="System/FileSize" value="582996"/>
        </meta>
      </photo>
    </camera>
    <camera camera_id="31">
      <photo path="../../../DeepProjects/deep-aramaic/pre_processing/3D letters/Ayin/Screenshot 2021-12-17 at 15.43.09.png">
        <meta>
          <property name="Exif/PixelXDimension" value="496"/>
          <property name="Exif/PixelYDimension" value="444"/>
          <property name="File/ImageHeight" value="444"/>
          <property name="File/ImageWidth" value="496"/>
          <property name="System/FileModifyDate" value="2021:12:17 15:43:14"/>
          <property name="System/FileSize" value="350033"/>
        </meta>
      </photo>
    </camera>
    <camera camera_id="32">
      <photo path="../../../DeepProjects/deep-aramaic/pre_processing/3D letters/Ayin/Screenshot 2021-12-17 at 15.43.21.png">
        <meta>
          <property name="Exif/PixelXDimension" value="448"/>
          <property name="Exif/PixelYDimension" value="356"/>
          <property name="File/ImageHeight" value="356"/>
          <property name="File/ImageWidth" value="448"/>
          <property name="System/FileModifyDate" value="2021:12:17 15:43:27"/>
          <property name="System/FileSize" value="257493"/>
        </meta>
      </photo>
    </camera>
    <camera camera_id="33">
      <photo path="../../../DeepProjects/deep-aramaic/pre_processing/3D letters/Ayin/Screenshot 2021-12-17 at 15.43.40.png">
        <meta>
          <property name="Exif/PixelXDimension" value="406"/>
          <property name="Exif/PixelYDimension" value="374"/>
          <property name="File/ImageHeight" value="374"/>
          <property name="File/ImageWidth" value="406"/>
          <property name="System/FileModifyDate" value="2021:12:17 15:43:45"/>
          <property name="System/FileSize" value="238850"/>
        </meta>
      </photo>
    </camera>
  </cameras>
  <thumbnails path="thumbnails/thumbnails.zip"/>
  <point_cloud path="point_cloud/point_cloud.zip"/>
  <depth_maps id="0" path="depth_maps/depth_maps.zip"/>
  <dense_cloud id="0" path="dense_cloud/dense_cloud.zip"/>
  <model id="0" path="model.1/model.zip"/>
</frame>
