<?xml version="1.0" encoding="UTF-8"?>
<model version="1.2.0">
  <mesh path="mesh.ply">
    <faceCount>19981</faceCount>
    <vertexCount>10097</vertexCount>
    <hasVertexColors>true</hasVertexColors>
    <hasVertexConfidence>false</hasVertexConfidence>
    <hasUV>false</hasUV>
  </mesh>
  <params>
    <dataType>uint8</dataType>
    <bands>
      <band label="Red"/>
      <band label="Green"/>
      <band label="Blue"/>
    </bands>
    <color>#ff8080b0</color>
  </params>
  <meta>
    <property name="BuildDepthMaps/downscale" value="4"/>
    <property name="BuildDepthMaps/duration" value="52.841164"/>
    <property name="BuildDepthMaps/filter_mode" value="0"/>
    <property name="BuildDepthMaps/max_neighbors" value="40"/>
    <property name="BuildDepthMaps/max_workgroup_size" value="100"/>
    <property name="BuildDepthMaps/reuse_depth" value="false"/>
    <property name="BuildDepthMaps/subdivide_task" value="true"/>
    <property name="BuildDepthMaps/workitem_size_cameras" value="20"/>
    <property name="BuildModel/duration" value="1.266722"/>
    <property name="BuildModel/face_count" value="3"/>
    <property name="BuildModel/face_count_custom" value="200000"/>
    <property name="BuildModel/interpolation" value="1"/>
    <property name="BuildModel/keep_depth" value="true"/>
    <property name="BuildModel/max_workgroup_size" value="100"/>
    <property name="BuildModel/ram_used" value="15761408"/>
    <property name="BuildModel/resolution" value="0.176364480028732"/>
    <property name="BuildModel/source_data" value="1"/>
    <property name="BuildModel/subdivide_task" value="true"/>
    <property name="BuildModel/surface_type" value="0"/>
    <property name="BuildModel/trimming_radius" value="10"/>
    <property name="BuildModel/vertex_colors" value="true"/>
    <property name="BuildModel/vertex_confidence" value="true"/>
    <property name="BuildModel/volumetric_masks" value="false"/>
    <property name="BuildModel/workitem_size_cameras" value="20"/>
    <property name="Info/LastSavedDateTime" value="2021:12:17 21:38:52"/>
    <property name="Info/LastSavedSoftwareVersion" value="1.7.5.13229"/>
    <property name="Info/OriginalDateTime" value="2021:12:17 21:33:03"/>
    <property name="Info/OriginalSoftwareVersion" value="1.7.5.13229"/>
  </meta>
</model>
