<?xml version="1.0" encoding="UTF-8"?>
<depth_maps version="1.5.0">
  <depth_map camera_id="0" level="0" path="0/d0.exr">
    <calibration type="frame">
      <resolution width="128" height="123"/>
      <f>158.88414001483474</f>
      <cx>1.7427172817740342</cx>
      <cy>-2.6754016351868941</cy>
    </calibration>
  </depth_map>
  <depth_map camera_id="0" level="1" path="1/d0.exr">
    <calibration type="frame">
      <resolution width="64" height="62"/>
      <f>79.442070007417371</f>
      <cx>0.87135864088701709</cx>
      <cy>-1.5877008175934471</cy>
    </calibration>
  </depth_map>
  <depth_map camera_id="1" level="0" path="0/d1.exr">
    <calibration type="frame">
      <resolution width="128" height="123"/>
      <f>158.88414001483474</f>
      <cx>1.7427172817740342</cx>
      <cy>-2.6754016351868941</cy>
    </calibration>
  </depth_map>
  <depth_map camera_id="1" level="1" path="1/d1.exr">
    <calibration type="frame">
      <resolution width="64" height="62"/>
      <f>79.442070007417371</f>
      <cx>0.87135864088701709</cx>
      <cy>-1.5877008175934471</cy>
    </calibration>
  </depth_map>
  <depth_map camera_id="2" level="0" path="0/d2.exr">
    <calibration type="frame">
      <resolution width="128" height="123"/>
      <f>158.88414001483474</f>
      <cx>1.7427172817740342</cx>
      <cy>-2.6754016351868941</cy>
    </calibration>
  </depth_map>
  <depth_map camera_id="2" level="1" path="1/d2.exr">
    <calibration type="frame">
      <resolution width="64" height="62"/>
      <f>79.442070007417371</f>
      <cx>0.87135864088701709</cx>
      <cy>-1.5877008175934471</cy>
    </calibration>
  </depth_map>
  <depth_map camera_id="3" level="0" path="0/d3.exr">
    <calibration type="frame">
      <resolution width="128" height="123"/>
      <f>158.88414001483474</f>
      <cx>1.7427172817740342</cx>
      <cy>-2.6754016351868941</cy>
    </calibration>
  </depth_map>
  <depth_map camera_id="3" level="1" path="1/d3.exr">
    <calibration type="frame">
      <resolution width="64" height="62"/>
      <f>79.442070007417371</f>
      <cx>0.87135864088701709</cx>
      <cy>-1.5877008175934471</cy>
    </calibration>
  </depth_map>
  <depth_map camera_id="4" level="0" path="0/d4.exr">
    <calibration type="frame">
      <resolution width="128" height="123"/>
      <f>158.88414001483474</f>
      <cx>1.7427172817740342</cx>
      <cy>-2.6754016351868941</cy>
    </calibration>
  </depth_map>
  <depth_map camera_id="4" level="1" path="1/d4.exr">
    <calibration type="frame">
      <resolution width="64" height="62"/>
      <f>79.442070007417371</f>
      <cx>0.87135864088701709</cx>
      <cy>-1.5877008175934471</cy>
    </calibration>
  </depth_map>
  <depth_map camera_id="5" level="0" path="0/d5.exr">
    <calibration type="frame">
      <resolution width="128" height="123"/>
      <f>158.88414001483474</f>
      <cx>1.7427172817740342</cx>
      <cy>-2.6754016351868941</cy>
    </calibration>
  </depth_map>
  <depth_map camera_id="5" level="1" path="1/d5.exr">
    <calibration type="frame">
      <resolution width="64" height="62"/>
      <f>79.442070007417371</f>
      <cx>0.87135864088701709</cx>
      <cy>-1.5877008175934471</cy>
    </calibration>
  </depth_map>
  <depth_map camera_id="6" level="0" path="0/d6.exr">
    <calibration type="frame">
      <resolution width="128" height="123"/>
      <f>158.88414001483474</f>
      <cx>1.7427172817740342</cx>
      <cy>-2.6754016351868941</cy>
    </calibration>
  </depth_map>
  <depth_map camera_id="6" level="1" path="1/d6.exr">
    <calibration type="frame">
      <resolution width="64" height="62"/>
      <f>79.442070007417371</f>
      <cx>0.87135864088701709</cx>
      <cy>-1.5877008175934471</cy>
    </calibration>
  </depth_map>
  <depth_map camera_id="7" level="0" path="0/d7.exr">
    <calibration type="frame">
      <resolution width="128" height="123"/>
      <f>158.88414001483474</f>
      <cx>1.7427172817740342</cx>
      <cy>-2.6754016351868941</cy>
    </calibration>
  </depth_map>
  <depth_map camera_id="7" level="1" path="1/d7.exr">
    <calibration type="frame">
      <resolution width="64" height="62"/>
      <f>79.442070007417371</f>
      <cx>0.87135864088701709</cx>
      <cy>-1.5877008175934471</cy>
    </calibration>
  </depth_map>
  <depth_map camera_id="8" level="0" path="0/d8.exr">
    <calibration type="frame">
      <resolution width="128" height="123"/>
      <f>158.88414001483474</f>
      <cx>1.7427172817740342</cx>
      <cy>-2.6754016351868941</cy>
    </calibration>
  </depth_map>
  <depth_map camera_id="8" level="1" path="1/d8.exr">
    <calibration type="frame">
      <resolution width="64" height="62"/>
      <f>79.442070007417371</f>
      <cx>0.87135864088701709</cx>
      <cy>-1.5877008175934471</cy>
    </calibration>
  </depth_map>
  <depth_map camera_id="9" level="0" path="0/d9.exr">
    <calibration type="frame">
      <resolution width="128" height="123"/>
      <f>158.88414001483474</f>
      <cx>1.7427172817740342</cx>
      <cy>-2.6754016351868941</cy>
    </calibration>
  </depth_map>
  <depth_map camera_id="9" level="1" path="1/d9.exr">
    <calibration type="frame">
      <resolution width="64" height="62"/>
      <f>79.442070007417371</f>
      <cx>0.87135864088701709</cx>
      <cy>-1.5877008175934471</cy>
    </calibration>
  </depth_map>
  <depth_map camera_id="10" level="0" path="0/d10.exr">
    <calibration type="frame">
      <resolution width="128" height="123"/>
      <f>158.88414001483474</f>
      <cx>1.7427172817740342</cx>
      <cy>-2.6754016351868941</cy>
    </calibration>
  </depth_map>
  <depth_map camera_id="10" level="1" path="1/d10.exr">
    <calibration type="frame">
      <resolution width="64" height="62"/>
      <f>79.442070007417371</f>
      <cx>0.87135864088701709</cx>
      <cy>-1.5877008175934471</cy>
    </calibration>
  </depth_map>
  <depth_map camera_id="11" level="0" path="0/d11.exr">
    <calibration type="frame">
      <resolution width="128" height="123"/>
      <f>158.88414001483474</f>
      <cx>1.7427172817740342</cx>
      <cy>-2.6754016351868941</cy>
    </calibration>
  </depth_map>
  <depth_map camera_id="11" level="1" path="1/d11.exr">
    <calibration type="frame">
      <resolution width="64" height="62"/>
      <f>79.442070007417371</f>
      <cx>0.87135864088701709</cx>
      <cy>-1.5877008175934471</cy>
    </calibration>
  </depth_map>
  <depth_map camera_id="12" level="0" path="0/d12.exr">
    <calibration type="frame">
      <resolution width="128" height="123"/>
      <f>158.88414001483474</f>
      <cx>1.7427172817740342</cx>
      <cy>-2.6754016351868941</cy>
    </calibration>
  </depth_map>
  <depth_map camera_id="12" level="1" path="1/d12.exr">
    <calibration type="frame">
      <resolution width="64" height="62"/>
      <f>79.442070007417371</f>
      <cx>0.87135864088701709</cx>
      <cy>-1.5877008175934471</cy>
    </calibration>
  </depth_map>
  <depth_map camera_id="13" level="0" path="0/d13.exr">
    <calibration type="frame">
      <resolution width="128" height="123"/>
      <f>158.88414001483474</f>
      <cx>1.7427172817740342</cx>
      <cy>-2.6754016351868941</cy>
    </calibration>
  </depth_map>
  <depth_map camera_id="13" level="1" path="1/d13.exr">
    <calibration type="frame">
      <resolution width="64" height="62"/>
      <f>79.442070007417371</f>
      <cx>0.87135864088701709</cx>
      <cy>-1.5877008175934471</cy>
    </calibration>
  </depth_map>
  <depth_map camera_id="14" level="0" path="0/d14.exr">
    <calibration type="frame">
      <resolution width="113" height="103"/>
      <f>135.24018847586609</f>
      <cx>1.2956671800704882</cx>
      <cy>-2.9891613357689906</cy>
    </calibration>
  </depth_map>
  <depth_map camera_id="14" level="1" path="1/d14.exr">
    <calibration type="frame">
      <resolution width="57" height="52"/>
      <f>67.620094237933046</f>
      <cx>0.3978335900352441</cx>
      <cy>-1.7445806678844953</cy>
    </calibration>
  </depth_map>
  <depth_map camera_id="15" level="0" path="0/d15.exr">
    <calibration type="frame">
      <resolution width="108" height="104"/>
      <f>124.59651861651902</f>
      <cx>0.63722346335396907</cx>
      <cy>-3.7604822614775202</cy>
    </calibration>
  </depth_map>
  <depth_map camera_id="15" level="1" path="1/d15.exr">
    <calibration type="frame">
      <resolution width="54" height="52"/>
      <f>62.29825930825951</f>
      <cx>0.31861173167698453</cx>
      <cy>-1.8802411307387601</cy>
    </calibration>
  </depth_map>
  <depth_map camera_id="16" level="0" path="0/d16.exr">
    <calibration type="frame">
      <resolution width="121" height="111"/>
      <f>132.01441264282244</f>
      <cx>1.0190662573852762</cx>
      <cy>-4.3702221850474459</cy>
    </calibration>
  </depth_map>
  <depth_map camera_id="16" level="1" path="1/d16.exr">
    <calibration type="frame">
      <resolution width="61" height="56"/>
      <f>66.007206321411218</f>
      <cx>0.25953312869263812</cx>
      <cy>-2.4351110925237229</cy>
    </calibration>
  </depth_map>
  <depth_map camera_id="17" level="0" path="0/d17.exr">
    <calibration type="frame">
      <resolution width="121" height="103"/>
      <f>138.12060983960743</f>
      <cx>1.281990452440894</cx>
      <cy>-3.5665863527943245</cy>
    </calibration>
  </depth_map>
  <depth_map camera_id="17" level="1" path="1/d17.exr">
    <calibration type="frame">
      <resolution width="61" height="52"/>
      <f>69.060304919803713</f>
      <cx>0.39099522622044702</cx>
      <cy>-2.0332931763971622</cy>
    </calibration>
  </depth_map>
  <depth_map camera_id="18" level="0" path="0/d18.exr">
    <calibration type="frame">
      <resolution width="115" height="107"/>
      <f>137.58015083882648</f>
      <cx>1.2130049920612791</cx>
      <cy>-3.8283171391724409</cy>
    </calibration>
  </depth_map>
  <depth_map camera_id="18" level="1" path="1/d18.exr">
    <calibration type="frame">
      <resolution width="58" height="54"/>
      <f>68.790075419413242</f>
      <cx>0.35650249603063955</cx>
      <cy>-2.1641585695862204</cy>
    </calibration>
  </depth_map>
  <depth_map camera_id="19" level="0" path="0/d19.exr">
    <calibration type="frame">
      <resolution width="110" height="109"/>
      <f>134.25950337873908</f>
      <cx>1.2671199274881459</cx>
      <cy>-3.5060741383898915</cy>
    </calibration>
  </depth_map>
  <depth_map camera_id="19" level="1" path="1/d19.exr">
    <calibration type="frame">
      <resolution width="55" height="55"/>
      <f>67.129751689369542</f>
      <cx>0.63355996374407297</cx>
      <cy>-2.0030370691949457</cy>
    </calibration>
  </depth_map>
  <depth_map camera_id="20" level="0" path="0/d20.exr">
    <calibration type="frame">
      <resolution width="114" height="98"/>
      <f>133.19691088599939</f>
      <cx>1.3945275397672674</cx>
      <cy>-3.1119329167674223</cy>
    </calibration>
  </depth_map>
  <depth_map camera_id="20" level="1" path="1/d20.exr">
    <calibration type="frame">
      <resolution width="57" height="49"/>
      <f>66.598455442999693</f>
      <cx>0.6972637698836337</cx>
      <cy>-1.5559664583837112</cy>
    </calibration>
  </depth_map>
  <depth_map camera_id="21" level="0" path="0/d21.exr">
    <calibration type="frame">
      <resolution width="117" height="99"/>
      <f>134.13575626187514</f>
      <cx>1.4752922446044607</cx>
      <cy>-3.1366619962057243</cy>
    </calibration>
  </depth_map>
  <depth_map camera_id="21" level="1" path="1/d21.exr">
    <calibration type="frame">
      <resolution width="59" height="50"/>
      <f>67.067878130937572</f>
      <cx>0.48764612230223037</cx>
      <cy>-1.8183309981028621</cy>
    </calibration>
  </depth_map>
  <depth_map camera_id="22" level="0" path="0/d22.exr">
    <calibration type="frame">
      <resolution width="107" height="94"/>
      <f>131.54878228186493</f>
      <cx>1.8600794435588739</cx>
      <cy>-2.1359561821128068</cy>
    </calibration>
  </depth_map>
  <depth_map camera_id="22" level="1" path="1/d22.exr">
    <calibration type="frame">
      <resolution width="54" height="47"/>
      <f>65.774391140932465</f>
      <cx>0.68003972177943695</cx>
      <cy>-1.0679780910564034</cy>
    </calibration>
  </depth_map>
  <depth_map camera_id="23" level="0" path="0/d23.exr">
    <calibration type="frame">
      <resolution width="111" height="100"/>
      <f>117.55611801713823</f>
      <cx>1.5807753180629049</cx>
      <cy>-3.0105975997216277</cy>
    </calibration>
  </depth_map>
  <depth_map camera_id="23" level="1" path="1/d23.exr">
    <calibration type="frame">
      <resolution width="56" height="50"/>
      <f>58.778059008569116</f>
      <cx>0.54038765903145247</cx>
      <cy>-1.5052987998608138</cy>
    </calibration>
  </depth_map>
  <depth_map camera_id="24" level="0" path="0/d24.exr">
    <calibration type="frame">
      <resolution width="125" height="131"/>
      <f>167.69745836035284</f>
      <cx>1.6679082042321625</cx>
      <cy>-4.4684198489459845</cy>
    </calibration>
  </depth_map>
  <depth_map camera_id="24" level="1" path="1/d24.exr">
    <calibration type="frame">
      <resolution width="63" height="66"/>
      <f>83.84872918017642</f>
      <cx>0.58395410211608123</cx>
      <cy>-2.4842099244729923</cy>
    </calibration>
  </depth_map>
  <depth_map camera_id="25" level="0" path="0/d25.exr">
    <calibration type="frame">
      <resolution width="127" height="116"/>
      <f>127.54397861639045</f>
      <cx>0.83343733307648904</cx>
      <cy>-2.8796966222429958</cy>
    </calibration>
  </depth_map>
  <depth_map camera_id="25" level="1" path="1/d25.exr">
    <calibration type="frame">
      <resolution width="64" height="58"/>
      <f>63.771989308195224</f>
      <cx>0.16671866653824452</cx>
      <cy>-1.4398483111214979</cy>
    </calibration>
  </depth_map>
  <depth_map camera_id="26" level="0" path="0/d26.exr">
    <calibration type="frame">
      <resolution width="124" height="117"/>
      <f>126.85533742193081</f>
      <cx>0.58648905409592089</cx>
      <cy>-3.1189407158741247</cy>
    </calibration>
  </depth_map>
  <depth_map camera_id="26" level="1" path="1/d26.exr">
    <calibration type="frame">
      <resolution width="62" height="59"/>
      <f>63.427668710965406</f>
      <cx>0.29324452704796045</cx>
      <cy>-1.8094703579370623</cy>
    </calibration>
  </depth_map>
  <depth_map camera_id="27" level="0" path="0/d27.exr">
    <calibration type="frame">
      <resolution width="139" height="148"/>
      <f>175.19945055814136</f>
      <cx>1.9214996681560876</cx>
      <cy>-5.1275174891110851</cy>
    </calibration>
  </depth_map>
  <depth_map camera_id="27" level="1" path="1/d27.exr">
    <calibration type="frame">
      <resolution width="70" height="74"/>
      <f>87.599725279070682</f>
      <cx>0.71074983407804382</cx>
      <cy>-2.5637587445555425</cy>
    </calibration>
  </depth_map>
  <depth_map camera_id="28" level="0" path="0/d28.exr">
    <calibration type="frame">
      <resolution width="134" height="126"/>
      <f>170.05749228657919</f>
      <cx>1.9719580884727179</cx>
      <cy>-4.9340820749349916</cy>
    </calibration>
  </depth_map>
  <depth_map camera_id="28" level="1" path="1/d28.exr">
    <calibration type="frame">
      <resolution width="67" height="63"/>
      <f>85.028746143289595</f>
      <cx>0.98597904423635896</cx>
      <cy>-2.4670410374674958</cy>
    </calibration>
  </depth_map>
  <depth_map camera_id="29" level="0" path="0/d29.exr">
    <calibration type="frame">
      <resolution width="143" height="129"/>
      <f>175.3503913375352</f>
      <cx>1.8407098052964557</cx>
      <cy>-3.6696624061801444</cy>
    </calibration>
  </depth_map>
  <depth_map camera_id="29" level="1" path="1/d29.exr">
    <calibration type="frame">
      <resolution width="72" height="65"/>
      <f>87.6751956687676</f>
      <cx>0.67035490264822784</cx>
      <cy>-2.0848312030900722</cy>
    </calibration>
  </depth_map>
  <depth_map camera_id="30" level="0" path="0/d30.exr">
    <calibration type="frame">
      <resolution width="154" height="148"/>
      <f>191.81667405571574</f>
      <cx>2.4581613108864246</cx>
      <cy>-2.9220575112821621</cy>
    </calibration>
  </depth_map>
  <depth_map camera_id="30" level="1" path="1/d30.exr">
    <calibration type="frame">
      <resolution width="77" height="74"/>
      <f>95.908337027857868</f>
      <cx>1.2290806554432123</cx>
      <cy>-1.461028755641081</cy>
    </calibration>
  </depth_map>
  <depth_map camera_id="31" level="0" path="0/d31.exr">
    <calibration type="frame">
      <resolution width="124" height="111"/>
      <f>154.0504284644343</f>
      <cx>1.5558455745688562</cx>
      <cy>-4.3515652685198134</cy>
    </calibration>
  </depth_map>
  <depth_map camera_id="31" level="1" path="1/d31.exr">
    <calibration type="frame">
      <resolution width="62" height="56"/>
      <f>77.025214232217152</f>
      <cx>0.7779227872844281</cx>
      <cy>-2.4257826342599067</cy>
    </calibration>
  </depth_map>
  <depth_map camera_id="32" level="0" path="0/d32.exr">
    <calibration type="frame">
      <resolution width="112" height="89"/>
      <f>109.57079741691855</f>
      <cx>0.80162536588715483</cx>
      <cy>-2.4313230961703951</cy>
    </calibration>
  </depth_map>
  <depth_map camera_id="32" level="1" path="1/d32.exr">
    <calibration type="frame">
      <resolution width="56" height="45"/>
      <f>54.785398708459276</f>
      <cx>0.40081268294357741</cx>
      <cy>-1.4656615480851976</cy>
    </calibration>
  </depth_map>
  <depth_map camera_id="33" level="0" path="0/d33.exr">
    <calibration type="frame">
      <resolution width="102" height="94"/>
      <f>123.14453904234603</f>
      <cx>0.98665576608539851</cx>
      <cy>-3.1353828533798236</cy>
    </calibration>
  </depth_map>
  <depth_map camera_id="33" level="1" path="1/d33.exr">
    <calibration type="frame">
      <resolution width="51" height="47"/>
      <f>61.572269521173013</f>
      <cx>0.49332788304269926</cx>
      <cy>-1.5676914266899118</cy>
    </calibration>
  </depth_map>
</depth_maps>
