<?xml version="1.0" encoding="UTF-8"?>
<document version="1.2.0">
  <chunks next_id="1" active_id="0">
    <chunk id="0" path="0/chunk.zip"/>
  </chunks>
  <meta>
    <property name="Info/LastSavedDateTime" value="2021:12:17 14:54:59"/>
    <property name="Info/LastSavedSoftwareVersion" value="1.7.5.13229"/>
    <property name="Info/OriginalDateTime" value="2021:12:17 14:51:03"/>
    <property name="Info/OriginalSoftwareName" value="Agisoft Metashape"/>
    <property name="Info/OriginalSoftwareVendor" value="Agisoft"/>
    <property name="Info/OriginalSoftwareVersion" value="1.7.5.13229"/>
  </meta>
</document>
